Year,EcoregionName,SpeciesCode,ProbEstablish,ProbMortality,ANPPmax,BiomassMax
0,101,chamobtu,0.001,0.2,1484,32853.660531697344
0,101,crypjapo,0.001,0.2,1484,24640.245398773008
0,101,pinudens,0.134,0.2,1484,27121.5
0,101,querserr,0.047,0.2,1972,19710.44776119403
0,102,chamobtu,0.001,0.2,1484,33644.117647058825
0,102,crypjapo,0.001,0.2,1484,25233.08823529412
0,102,pinudens,0.355,0.2,1484,36628.67647058823
0,102,querserr,0.007,0.2,1972,20926.12048192771
